insert into OITM(ItemCode,ItemName)values('0000reptre','Blusa')
insert into OITM(ItemCode,ItemName)values('5500rep','Camibuzo')
insert into OITM(ItemCode,ItemName)values('9990000re','Pantalon')
insert	 into OITM(ItemCode,ItemName)values('000043rte','Media')
insert into OITM(ItemCode,ItemName)values('MTRNP0000','Cortina')


insert into OITM(ItemCode,ItemName)values('88888888','Correa')
insert into OITM(ItemCode,ItemName)values('5555555','Pañoleta')
insert into OITM(ItemCode,ItemName)values('99999999','Gorra')
insert	 into OITM(ItemCode,ItemName)values('789654123','Corbata')
insert into OITM(ItemCode,ItemName)values('123456987','Boxer')



insert into OITW(ItemCode,OnHand,IsCommited)values('88888888',4,3)
insert into OITW(ItemCode,OnHand,IsCommited)values('5555555',3,1)
insert into OITW(ItemCode,OnHand,IsCommited)values('99999999',5,9)
insert into OITW(ItemCode,OnHand,IsCommited)values('789654123',7,5)
insert into OITW(ItemCode,OnHand,IsCommited)values('123456987',4,8)

insert into OITW(ItemCode,OnHand,IsCommited)values('0000reptre',4,3)
insert into OITW(ItemCode,OnHand,IsCommited)values('5500rep',3,1)
insert into OITW(ItemCode,OnHand,IsCommited)values('9990000re',5,9)
insert into OITW(ItemCode,OnHand,IsCommited)values('000043rte',7,5)
insert into OITW(ItemCode,OnHand,IsCommited)values('MTRNP0000',4,8)


insert into ITM1(ItemCode,Price)values('000043rte',48200)
insert into ITM1(ItemCode,Price)values('0000reptre',8200)
insert into ITM1(ItemCode,Price)values('5500rep',12200)
insert into ITM1(ItemCode,Price)values('9990000re',4600)
insert into ITM1(ItemCode,Price)values('MTRNP0000',10000)

insert into ITM1(ItemCode,Price)values('88888888',8200)
insert into ITM1(ItemCode,Price)values('5555555',2000)
insert into ITM1(ItemCode,Price)values('99999999',25200)
insert into ITM1(ItemCode,Price)values('789654123',48600)
insert into ITM1(ItemCode,Price)values('123456987',20000)












